country,country_code,geo_id_final,region,subnational_cases_7,subnational_cases_14,subnational_population,subnational_rate_14,national_cases_7,national_population,national_testing_rate,national_positivity_rate,subnational_testing_data,positivity_rate_combined,testing_rate_combined,colour,week
Austria,AT,AT11,Burgenland,544,926,294436,314.499585648494,23268,8901064,54420.752395444,0.480344242578384,TRUE,0.475990480190396,38815.9056637096,Red,2021-52
Austria,AT,AT12,Niederösterreich,3566,5978,1684287,354.927634067116,23268,8901064,54420.752395444,0.480344242578384,TRUE,0.160445756646171,131958.389514376,Red,2021-52
Austria,AT,AT13,Wien,6519,10040,1911191,525.32687732414,23268,8901064,54420.752395444,0.480344242578384,TRUE,0.58190030304518,58617.6368557617,Dark red,2021-52
Austria,AT,AT21,Kärnten,993,1913,561293,340.820213328867,23268,8901064,54420.752395444,0.480344242578384,TRUE,0.66992747512228,26407.7763307221,Red,2021-52
Austria,AT,AT22,Steiermark,1945,3630,1246395,291.239935975353,23268,8901064,54420.752395444,0.480344242578384,TRUE,0.499436368725269,31245.2312469161,Red,2021-52
Austria,AT,AT31,Oberösterreich,2778,4603,1490279,308.868339418324,23268,8901064,54420.752395444,0.480344242578384,TRUE,0.793979701786026,23477.6843799047,Red,2021-52
Austria,AT,AT32,Salzburg,2263,3209,558410,574.667359108899,23268,8901064,54420.752395444,0.480344242578384,TRUE,1.08837844597064,37235.0065364159,Dark red,2021-52
Austria,AT,AT33,Tirol,3581,5574,757634,735.711438504608,23268,8901064,54420.752395444,0.480344242578384,TRUE,1.79785321966844,26290.0028245829,Dark red,2021-52
Austria,AT,AT34,Vorarlberg,1125,2163,397139,544.645577493019,23268,8901064,54420.752395444,0.480344242578384,TRUE,1.21975019516003,23224.1104499936,Dark red,2021-52
Belgium,BE,BE1,Région de Bruxelles-Capitale/Brussels Hoofdstedelijk Gewest,13013,19879,1223364,1624.94564168964,77857,11522440,4073.34731185409,16.5882957031974,TRUE,19.3781364942743,5489.20844491092,Dark red,2021-52
Belgium,BE,BE2,Vlaams Gewest,37935,61295,6639005,923.255819207848,77857,11522440,4073.34731185409,16.5882957031974,TRUE,15.3311752082348,3727.01933497565,Dark red,2021-52
Belgium,BE,BE3,Région wallonne,23741,37796,3660071,1032.65756320028,77857,11522440,4073.34731185409,16.5882957031974,TRUE,17.6974856316484,3665.20212312821,Dark red,2021-52
Bulgaria,BG,BG31,Severozapaden,1274,2105,728157,289.086007550569,14302,6951482,2428.8633704295,8.47064119117281,FALSE,8.47064119117281,2428.8633704295,Red,2021-52
Bulgaria,BG,BG32,Severen tsentralen,1332,2225,773450,287.672118430409,14302,6951482,2428.8633704295,8.47064119117281,FALSE,8.47064119117281,2428.8633704295,Red,2021-52
Bulgaria,BG,BG33,Severoiztochen,1928,3041,924870,328.802966903457,14302,6951482,2428.8633704295,8.47064119117281,FALSE,8.47064119117281,2428.8633704295,Red,2021-52
Bulgaria,BG,BG34,Yugoiztochen,2255,3566,1024115,348.203082661615,14302,6951482,2428.8633704295,8.47064119117281,FALSE,8.47064119117281,2428.8633704295,Red,2021-52
Bulgaria,BG,BG41,Yugozapaden,6439,10151,2094260,484.705814941793,14302,6951482,2428.8633704295,8.47064119117281,FALSE,8.47064119117281,2428.8633704295,Red,2021-52
Bulgaria,BG,BG42,Yuzhen tsentralen,2233,3576,1406630,254.224636187199,14302,6951482,2428.8633704295,8.47064119117281,FALSE,8.47064119117281,2428.8633704295,Red,2021-52
Croatia,HR,HR02,Panonska Hrvatska,3709,6706,1060209,632.516796216595,23162,4058165,4678.76490975601,12.1987444172917,TRUE,10.6906093272612,3272.37365462847,Dark red,2021-52
Croatia,HR,HR03,Jadranska Hrvatska,15517,23512,1373802,1711.45478023762,23162,4058165,4678.76490975601,12.1987444172917,TRUE,17.3467334436346,6511.27309466721,Dark red,2021-52
Croatia,HR,HR05,Grad Zagreb,5504,9512,809235,1175.43111704264,23162,4058165,4678.76490975601,12.1987444172917,TRUE,13.2501986085366,5133.11955118105,Dark red,2021-52
Croatia,HR,HR06,Sjeverna Hrvatska,3511,6594,814919,809.160174201362,23162,4058165,4678.76490975601,12.1987444172917,TRUE,14.5160623475421,2968.02504297973,Dark red,2021-52
Cyprus,CY,CY0,Kypros,21937,27536,888005,3100.88344097162,20154,888005,61785.2376957337,3.67333994342539,FALSE,3.67333994342539,61785.2376957337,Dark red,2021-52
Czechia,CZ,CZ01,Praha,6406,11828,1324277,893.166610912974,35841,10693939,3342.66915118929,10.026492252345,FALSE,10.026492252345,3342.66915118929,Dark red,2021-52
Czechia,CZ,CZ02,Střední Čechy,5728,11553,1385141,834.06671234192,35841,10693939,3342.66915118929,10.026492252345,FALSE,10.026492252345,3342.66915118929,Dark red,2021-52
Czechia,CZ,CZ03,Jihozápad,3875,7774,1233982,629.992982069431,35841,10693939,3342.66915118929,10.026492252345,FALSE,10.026492252345,3342.66915118929,Dark red,2021-52
Czechia,CZ,CZ04,Severozápad,3922,7558,1115629,677.4653581074,35841,10693939,3342.66915118929,10.026492252345,FALSE,10.026492252345,3342.66915118929,Dark red,2021-52
Czechia,CZ,CZ05,Severovýchod,5618,11605,1517999,764.493257241935,35841,10693939,3342.66915118929,10.026492252345,FALSE,10.026492252345,3342.66915118929,Dark red,2021-52
Czechia,CZ,CZ06,Jihovýchod,5653,11386,1701802,669.055507044886,35841,10693939,3342.66915118929,10.026492252345,FALSE,10.026492252345,3342.66915118929,Dark red,2021-52
Czechia,CZ,CZ07,Střední Morava,3775,7972,1214570,656.363980668055,35841,10693939,3342.66915118929,10.026492252345,FALSE,10.026492252345,3342.66915118929,Dark red,2021-52
Czechia,CZ,CZ08,Moravskoslezsko,3500,7799,1200539,649.624876826159,35841,10693939,3342.66915118929,10.026492252345,FALSE,10.026492252345,3342.66915118929,Dark red,2021-52
Denmark,DK,DK01,Hovedstaden,48707,89256,1846023,4835.0426836502,119648,5822763,43815.5391177694,4.68973356459025,TRUE,5.45936718551223,48329.4628506796,Dark red,2021-52
Denmark,DK,DK02,Sjælland,15959,27611,837359,3297.3909637324,119648,5822763,43815.5391177694,4.68973356459025,TRUE,4.42700531495845,43051.0688963754,Dark red,2021-52
Denmark,DK,DK03,Syddanmark,19413,31693,1223105,2591.19208898664,119648,5822763,43815.5391177694,4.68973356459025,TRUE,3.93249550294132,40360.8847972987,Dark red,2021-52
Denmark,DK,DK04,Midtjylland,23121,39378,1326340,2968.92199586833,119648,5822763,43815.5391177694,4.68973356459025,TRUE,4.15724942957165,41932.008383974,Dark red,2021-52
Denmark,DK,DK05,Nordjylland,10936,16594,589936,2812.84749532153,119648,5822763,43815.5391177694,4.68973356459025,TRUE,4.39562206332172,42172.879770009,Dark red,2021-52
Estonia,EE,EE00,Eesti,6361,10869,1328976,817.847726369777,6140,1328976,2864.98778006525,16.1260669730795,FALSE,16.1260669730795,2864.98778006525,Dark red,2021-52
Finland,FI,FI19,Länsi-Suomi,6131,9657,1378652,700.466832819305,23487,5525292,2687.49597306351,15.8170137111764,TRUE,23.0056285178236,1933.04764364031,Dark red,2021-52
Finland,FI,FI1B,Helsinki-Uusimaa,30112,37144,1689725,2198.22752222995,23487,5525292,2687.49597306351,15.8170137111764,TRUE,49.9643254185541,3566.67505067393,Dark red,2021-52
Finland,FI,FI1C,Etelä-Suomi,5163,7550,1148794,657.210953399826,23487,5525292,2687.49597306351,15.8170137111764,TRUE,19.8264275565454,2266.81197847482,Dark red,2021-52
Finland,FI,FI1D,Pohjois- ja Itä-Suomi,4339,6834,1278237,534.642636694134,23487,5525292,2687.49597306351,15.8170137111764,TRUE,12.53176987061,2708.73085351152,Dark red,2021-52
Finland,FI,FI2,Åland,331,354,29884,1184.58037745951,23487,5525292,2687.49597306351,15.8170137111764,TRUE,36.3736263736264,3045.10774996654,Dark red,2021-52
France,FR,FR1,Ile-de-France,330648,487052,12291557,3962.49230264319,1121911,67320216,10053.0232998658,16.5773923466362,TRUE,20.0426496100555,13421.5868664971,Dark red,2021-52
France,FR,FRB,Centre — Val de Loire,30062,40885,2565726,1593.50608755573,1121911,67320216,10053.0232998658,16.5773923466362,TRUE,16.7432482859641,6997.90234810732,Dark red,2021-52
France,FR,FRC,Bourgogne-Franche-Comté,39691,55648,2794517,1991.32801840175,1121911,67320216,10053.0232998658,16.5773923466362,TRUE,16.5061423426571,8604.77857175319,Dark red,2021-52
France,FR,FRD,Normandie,48023,62499,3313432,1886.23155688724,1121911,67320216,10053.0232998658,16.5773923466362,TRUE,16.5245547388994,8770.84545570877,Dark red,2021-52
France,FR,FRE,Hauts-de-France,71809,99882,5987795,1668.09317954272,1121911,67320216,10053.0232998658,16.5773923466362,TRUE,14.6676498343458,8176.19841694647,Dark red,2021-52
France,FR,FRF,Grand Est,72776,103228,5536002,1864.66695640645,1121911,67320216,10053.0232998658,16.5773923466362,TRUE,14.4044430985308,9126.31534453925,Dark red,2021-52
France,FR,FRG,Pays de la Loire,49995,67766,3818421,1774.71263645365,1121911,67320216,10053.0232998658,16.5773923466362,TRUE,16.4188270530513,7974.44807683595,Dark red,2021-52
France,FR,FRH,Bretagne,41137,55089,3358524,1640.27412041718,1121911,67320216,10053.0232998658,16.5773923466362,TRUE,15.3916092027134,7957.9303289183,Dark red,2021-52
France,FR,FRI,Nouvelle-Aquitaine,69761,99912,6018424,1660.10237896167,1121911,67320216,10053.0232998658,16.5773923466362,TRUE,15.2410436120056,7605.28005338275,Dark red,2021-52
France,FR,FRJ,Occitanie,80184,121016,5951850,2033.2501659148,1121911,67320216,10053.0232998658,16.5773923466362,TRUE,14.5369106345486,9267.52186295018,Dark red,2021-52
France,FR,FRK,Auvergne-Rhône-Alpes,150525,226186,8064146,2804.83513071316,1121911,67320216,10053.0232998658,16.5773923466362,TRUE,18.9491454158867,9850.5533009943,Dark red,2021-52
France,FR,FRL,Provence-Alpes-Côte d’Azur,82825,135795,5077582,2674.40289492124,1121911,67320216,10053.0232998658,16.5773923466362,TRUE,14.9694105314525,10896.8205732571,Dark red,2021-52
France,FR,FRM,Corse,7440,10674,345867,3086.15739576196,1121911,67320216,10053.0232998658,16.5773923466362,TRUE,15.5219894851039,13858.5063044465,Dark red,2021-52
France,FR,FRY1,Guadeloupe,3969,4601,412682,1114.90203110385,1121911,67320216,10053.0232998658,16.5773923466362,TRUE,13.8037769971829,6967.35016307956,Dark red,2021-52
France,FR,FRY2,Martinique,2735,3637,359821,1010.78036023467,1121911,67320216,10053.0232998658,16.5773923466362,TRUE,9.61268100660762,7907.26500120894,Dark red,2021-52
France,FR,FRY3,Guyane,2298,2797,288086,970.890636823726,1121911,67320216,10053.0232998658,16.5773923466362,TRUE,20.9365889212828,3809.97341071763,Dark red,2021-52
France,FR,FRY4,La Réunion,9701,15318,856858,1787.69411034267,1121911,67320216,10053.0232998658,16.5773923466362,TRUE,20.4511436702857,5535.92310511193,Dark red,2021-52
France,FR,FRY5,Mayotte,1809,2062,278926,739.264177595491,1121911,67320216,10053.0232998658,16.5773923466362,TRUE,23.6718136613452,2739.7947842797,Dark red,2021-52
Germany,DE,DE1,Baden-Württemberg,28166,53618,11100394,483.027899730406,203028,83166711,1563.12541925579,15.6175384615385,FALSE,15.6175384615385,1563.12541925579,Red,2021-52
Germany,DE,DE2,Bayern,27619,53239,13124737,405.638604415464,203028,83166711,1563.12541925579,15.6175384615385,FALSE,15.6175384615385,1563.12541925579,Red,2021-52
Germany,DE,DE3,Berlin,11820,22321,3669491,608.285999338873,203028,83166711,1563.12541925579,15.6175384615385,FALSE,15.6175384615385,1563.12541925579,Dark red,2021-52
Germany,DE,DE4,Brandenburg,9497,20131,2521893,798.249568875444,203028,83166711,1563.12541925579,15.6175384615385,FALSE,15.6175384615385,1563.12541925579,Dark red,2021-52
Germany,DE,DE5,Bremen,3519,5317,681202,780.532059506578,203028,83166711,1563.12541925579,15.6175384615385,FALSE,15.6175384615385,1563.12541925579,Dark red,2021-52
Germany,DE,DE6,Hamburg,8387,14974,1847253,810.609050303342,203028,83166711,1563.12541925579,15.6175384615385,FALSE,15.6175384615385,1563.12541925579,Dark red,2021-52
Germany,DE,DE7,Hessen,14756,26160,6288080,416.025241409142,203028,83166711,1563.12541925579,15.6175384615385,FALSE,15.6175384615385,1563.12541925579,Red,2021-52
Germany,DE,DE8,Mecklenburg-Vorpommern,4571,9434,1608138,586.641196215748,203028,83166711,1563.12541925579,15.6175384615385,FALSE,15.6175384615385,1563.12541925579,Dark red,2021-52
Germany,DE,DE9,Niedersachsen,15256,26149,7993608,327.123871973707,203028,83166711,1563.12541925579,15.6175384615385,FALSE,15.6175384615385,1563.12541925579,Red,2021-52
Germany,DE,DEA,Nordrhein-Westfalen,41023,75121,17947221,418.566194732878,203028,83166711,1563.12541925579,15.6175384615385,FALSE,15.6175384615385,1563.12541925579,Red,2021-52
Germany,DE,DEB,Rheinland-Pfalz,7346,13813,4093903,337.404183733713,203028,83166711,1563.12541925579,15.6175384615385,FALSE,15.6175384615385,1563.12541925579,Red,2021-52
Germany,DE,DEC,Saarland,2143,3970,986887,402.275032501188,203028,83166711,1563.12541925579,15.6175384615385,FALSE,15.6175384615385,1563.12541925579,Red,2021-52
Germany,DE,DED,Sachsen,13861,32649,4071971,801.798441098918,203028,83166711,1563.12541925579,15.6175384615385,FALSE,15.6175384615385,1563.12541925579,Dark red,2021-52
Germany,DE,DEE,Sachsen-Anhalt,6540,15383,2194782,700.889655555768,203028,83166711,1563.12541925579,15.6175384615385,FALSE,15.6175384615385,1563.12541925579,Dark red,2021-52
Germany,DE,DEF,Schleswig-Holstein,8617,13107,2903773,451.378258562222,203028,83166711,1563.12541925579,15.6175384615385,FALSE,15.6175384615385,1563.12541925579,Red,2021-52
Germany,DE,DEG,Thüringen,8918,19972,2133378,936.167898984615,203028,83166711,1563.12541925579,15.6175384615385,FALSE,15.6175384615385,1563.12541925579,Dark red,2021-52
Greece,EL,EL30,Attiki,88077,108161,3738901,2892.85541393046,198401,10718565,32113.8417316124,5.76388023391242,TRUE,7.38144903584499,31913.6826570161,Dark red,2021-52
Greece,EL,EL41,Voreio Aigaio,2823,3497,229516,1523.64105334704,198401,10718565,32113.8417316124,5.76388023391242,TRUE,6.57398351264496,18709.8067237143,Dark red,2021-52
Greece,EL,EL42,Notio Aigaio,4227,4835,347512,1391.31886093142,198401,10718565,32113.8417316124,5.76388023391242,TRUE,5.27919669285242,23040.6432008103,Dark red,2021-52
Greece,EL,EL43,Kriti,10627,13024,636504,2046.17724319093,198401,10718565,32113.8417316124,5.76388023391242,TRUE,5.75138142477527,29029.3540967535,Dark red,2021-52
Greece,EL,EL51,"Anatoliki Makedonia, Thraki",6719,8287,598613,1384.36686139459,198401,10718565,32113.8417316124,5.76388023391242,TRUE,3.99120853010187,28122.5098686464,Dark red,2021-52
Greece,EL,EL52,Kentriki Makedonia,35318,43753,1872102,2337.10556369258,198401,10718565,32113.8417316124,5.76388023391242,TRUE,6.18221410016734,30515.6449808825,Dark red,2021-52
Greece,EL,EL53,Dytiki Makedonia,6953,8588,264670,3244.79540559943,198401,10718565,32113.8417316124,5.76388023391242,TRUE,8.60413315183764,30532.3610533872,Dark red,2021-52
Greece,EL,EL54,Ipeiros,6108,7098,333265,2129.83661650638,198401,10718565,32113.8417316124,5.76388023391242,TRUE,7.07140872464574,25918.1132132087,Dark red,2021-52
Greece,EL,EL61,Thessalia,12624,14946,715115,2090.01349433308,198401,10718565,32113.8417316124,5.76388023391242,TRUE,5.67411589147984,31111.6393866721,Dark red,2021-52
Greece,EL,EL62,Ionia Nisia,2433,3163,203149,1556.98526697153,198401,10718565,32113.8417316124,5.76388023391242,TRUE,4.37771020386131,27357.752191741,Dark red,2021-52
Greece,EL,EL63,Dytiki Ellada,10735,12736,651065,1956.17949052706,198401,10718565,32113.8417316124,5.76388023391242,TRUE,6.06483469300129,27186.8400236536,Dark red,2021-52
Greece,EL,EL64,Sterea Ellada,8288,10061,556002,1809.52586501487,198401,10718565,32113.8417316124,5.76388023391242,TRUE,6.1800014913131,24120.416833033,Dark red,2021-52
Greece,EL,EL65,Peloponnisos,9616,11387,572151,1990.20887842545,198401,10718565,32113.8417316124,5.76388023391242,TRUE,6.13652752694622,27388.0496582196,Dark red,2021-52
Hungary,HU,HU11,Budapest,4766,7741,1750216,442.288266134009,16961,9769526,907.229276016052,19.136429280621,FALSE,19.136429280621,907.229276016052,Red,2021-52
Hungary,HU,HU12,Pest,2516,4728,1297102,364.504873171115,16961,9769526,907.229276016052,19.136429280621,FALSE,19.136429280621,907.229276016052,Red,2021-52
Hungary,HU,HU21,Közép-Dunántúl,1988,4165,1060755,392.644861443029,16961,9769526,907.229276016052,19.136429280621,FALSE,19.136429280621,907.229276016052,Red,2021-52
Hungary,HU,HU22,Nyugat-Dunántúl,1840,3693,994549,371.324087601516,16961,9769526,907.229276016052,19.136429280621,FALSE,19.136429280621,907.229276016052,Red,2021-52
Hungary,HU,HU23,Dél-Dunántúl,1599,3228,874573,369.094403783332,16961,9769526,907.229276016052,19.136429280621,FALSE,19.136429280621,907.229276016052,Red,2021-52
Hungary,HU,HU31,Észak-Magyarország,1393,2881,1118577,257.55938124957,16961,9769526,907.229276016052,19.136429280621,FALSE,19.136429280621,907.229276016052,Red,2021-52
Hungary,HU,HU32,Észak-Alföld,2352,4729,1442660,327.797263388463,16961,9769526,907.229276016052,19.136429280621,FALSE,19.136429280621,907.229276016052,Red,2021-52
Hungary,HU,HU33,Dél-Alföld,1566,3159,1231094,256.601039400728,16961,9769526,907.229276016052,19.136429280621,FALSE,19.136429280621,907.229276016052,Red,2021-52
Iceland,IS,IS,Ísland/Iceland,6730,10180,364134,2795.67411996683,6853,364134,12760.4123756639,14.7487356074465,FALSE,14.7487356074465,12760.4123756639,Dark red,2021-52
Ireland,IE,IE04,Northern and Western,13582,19236,877832,2191.30767618405,74882,4964440,5372.69057537205,28.0747139365037,FALSE,28.0747139365037,5372.69057537205,Dark red,2021-52
Ireland,IE,IE05,Southern,23086,32462,1641057,1978.11532445247,74882,4964440,5372.69057537205,28.0747139365037,FALSE,28.0747139365037,5372.69057537205,Dark red,2021-52
Ireland,IE,IE06,Eastern and Midland,38217,59444,2445551,2430.69966645554,74882,4964440,5372.69057537205,28.0747139365037,FALSE,28.0747139365037,5372.69057537205,Dark red,2021-52
Italy,IT,ITC1,Piemonte,55272,80583,4311217,1869.14738924067,478107,59641488,10382.1034780353,7.72131515279049,TRUE,11.7143390020177,10944.2878890114,Dark red,2021-52
Italy,IT,ITC2,Valle d’Aosta/Vallée d’Aoste,1923,2670,125034,2135.41916598685,478107,59641488,10382.1034780353,7.72131515279049,TRUE,10.5341002465078,14600.0287921685,Dark red,2021-52
Italy,IT,ITC3,Liguria,11493,18657,1524826,1223.54944105098,478107,59641488,10382.1034780353,7.72131515279049,TRUE,8.75203703985745,8611.99900841145,Dark red,2021-52
Italy,IT,ITC4,Lombardia,203217,278043,10027602,2772.77658207815,478107,59641488,10382.1034780353,7.72131515279049,TRUE,17.207998679024,11776.9432811554,Dark red,2021-52
Italy,IT,ITF1,Abruzzo,16702,20263,1293941,1565.99103050294,478107,59641488,10382.1034780353,7.72131515279049,TRUE,7.12156809237316,18125.0149736348,Dark red,2021-52
Italy,IT,ITF2,Molise,1661,2016,300516,670.846144631234,478107,59641488,10382.1034780353,7.72131515279049,TRUE,20.3703703703704,2713.33306712455,Dark red,2021-52
Italy,IT,ITF3,Campania,68795,90604,5712143,1586.16477213543,478107,59641488,10382.1034780353,7.72131515279049,TRUE,10.2474003524289,11752.8745341284,Dark red,2021-52
Italy,IT,ITF4,Puglia,24868,31607,3953305,799.508259544862,478107,59641488,10382.1034780353,7.72131515279049,TRUE,5.77800186342187,10886.8655466755,Dark red,2021-52
Italy,IT,ITF5,Basilicata,3492,4717,553254,852.592118629057,478107,59641488,10382.1034780353,7.72131515279049,TRUE,21.6759776536313,2911.86326714312,Dark red,2021-52
Italy,IT,ITF6,Calabria,9434,13718,1894110,724.245159995988,478107,59641488,10382.1034780353,7.72131515279049,TRUE,12.9034905350695,3859.96589427224,Dark red,2021-52
Italy,IT,ITG1,Sicilia,30220,43562,4875290,893.526333818091,478107,59641488,10382.1034780353,7.72131515279049,TRUE,9.39837347805128,6595.40252990079,Dark red,2021-52
Italy,IT,ITG2,Sardegna,5279,7761,1611621,481.564834412061,478107,59641488,10382.1034780353,7.72131515279049,TRUE,4.96575986755465,6596.33995834008,Red,2021-52
Italy,IT,ITH1,Provincia Autonoma di Bolzano/Bozen,3889,6015,532644,1129.27208416879,478107,59641488,10382.1034780353,7.72131515279049,TRUE,5.0390007515095,14489.602811634,Dark red,2021-52
Italy,IT,ITH2,Provincia Autonoma di Trento,6919,9300,545425,1705.09235916946,478107,59641488,10382.1034780353,7.72131515279049,TRUE,8.32431001708415,15239.1254526287,Dark red,2021-52
Italy,IT,ITH3,Veneto,60027,89673,4879133,1837.88800182327,478107,59641488,10382.1034780353,7.72131515279049,TRUE,7.98136922624849,15414.3984187355,Dark red,2021-52
Italy,IT,ITH4,Friuli-Venezia Giulia,10977,15951,1206216,1322.39996816491,478107,59641488,10382.1034780353,7.72131515279049,TRUE,7.89167193880485,11531.599647161,Dark red,2021-52
Italy,IT,ITH5,Emilia-Romagna,54131,74232,4464119,1662.85889780268,478107,59641488,10382.1034780353,7.72131515279049,TRUE,17.1075960368503,7087.96069280411,Dark red,2021-52
Italy,IT,ITI1,Toscana,72786,91613,3692555,2481.01924006548,478107,59641488,10382.1034780353,7.72131515279049,TRUE,19.9335602763849,9888.62725132056,Dark red,2021-52
Italy,IT,ITI2,Umbria,17570,23307,870165,2678.45753391598,478107,59641488,10382.1034780353,7.72131515279049,TRUE,12.9233937699974,15624.0483126763,Dark red,2021-52
Italy,IT,ITI3,Marche,9535,14618,1512672,966.369444268156,478107,59641488,10382.1034780353,7.72131515279049,TRUE,10.946935776446,5758.15510566732,Dark red,2021-52
Italy,IT,ITI4,Lazio,49808,71840,5755700,1248.15400385705,478107,59641488,10382.1034780353,7.72131515279049,TRUE,8.70606372584149,9939.83355630071,Dark red,2021-52
Latvia,LV,LV00,Latvija,5894,10187,1907675,534.000812507372,5590,1907675,2433.90514631685,12.0393702483255,FALSE,12.0393702483255,2433.90514631685,Dark red,2021-52
Liechtenstein,LI,LI0,Liechtenstein,349,611,38747,1576.89627584071,295,38747,3014.42692337471,25.2568493150685,FALSE,25.2568493150685,3014.42692337471,Dark red,2021-52
Lithuania,LT,LT01,Sostinės regionas,4441,7600,820511,926.252055121747,12260,2794090,3445.02145600178,12.7367360295875,TRUE,14.076515895908,3845.04290618895,Dark red,2021-52
Lithuania,LT,LT02,Vidurio ir vakarų Lietuvos regionas,7805,14000,1973579,709.371147544638,12260,2794090,3445.02145600178,12.7367360295875,TRUE,12.0618779749026,3278.71344395132,Dark red,2021-52
Luxembourg,LU,LU0,Luxembourg,4049,7658,626108,1223.11166763562,5640,626108,3674.76537594153,24.5132127955494,FALSE,24.5132127955494,3674.76537594153,Dark red,2021-52
Malta,MT,MT0,Malta,8812,12957,514564,2518.05411960417,7596,514564,9957.16762152036,14.8255133109532,FALSE,14.8255133109532,9957.16762152036,Dark red,2021-52
Netherlands,NL,NL11,Groningen,2961,5317,585866,907.545411408069,100933,17407585,3100.37836954408,18.7016514699806,FALSE,18.7016514699806,3100.37836954408,Dark red,2021-52
Netherlands,NL,NL12,Friesland (NL),3187,6751,649957,1038.68409756338,100933,17407585,3100.37836954408,18.7016514699806,FALSE,18.7016514699806,3100.37836954408,Dark red,2021-52
Netherlands,NL,NL13,Drenthe,2345,4347,493682,880.526330714914,100933,17407585,3100.37836954408,18.7016514699806,FALSE,18.7016514699806,3100.37836954408,Dark red,2021-52
Netherlands,NL,NL21,Overijssel,5882,10529,1162406,905.793672778702,100933,17407585,3100.37836954408,18.7016514699806,FALSE,18.7016514699806,3100.37836954408,Dark red,2021-52
Netherlands,NL,NL22,Gelderland,10093,19297,2085952,925.093194857792,100933,17407585,3100.37836954408,18.7016514699806,FALSE,18.7016514699806,3100.37836954408,Dark red,2021-52
Netherlands,NL,NL23,Flevoland,2757,5049,423021,1193.5577666357,100933,17407585,3100.37836954408,18.7016514699806,FALSE,18.7016514699806,3100.37836954408,Dark red,2021-52
Netherlands,NL,NL31,Utrecht,8673,15503,1319231,1175.15431338409,100933,17407585,3100.37836954408,18.7016514699806,FALSE,18.7016514699806,3100.37836954408,Dark red,2021-52
Netherlands,NL,NL32,Noord-Holland,20544,36392,2879527,1263.81867577557,100933,17407585,3100.37836954408,18.7016514699806,FALSE,18.7016514699806,3100.37836954408,Dark red,2021-52
Netherlands,NL,NL33,Zuid-Holland,22379,41397,3744299,1105.60080805513,100933,17407585,3100.37836954408,18.7016514699806,FALSE,18.7016514699806,3100.37836954408,Dark red,2021-52
Netherlands,NL,NL34,Zeeland,2203,4304,383488,1122.32977303071,100933,17407585,3100.37836954408,18.7016514699806,FALSE,18.7016514699806,3100.37836954408,Dark red,2021-52
Netherlands,NL,NL41,Noord-Brabant,14553,26774,2562955,1044.65353468945,100933,17407585,3100.37836954408,18.7016514699806,FALSE,18.7016514699806,3100.37836954408,Dark red,2021-52
Netherlands,NL,NL42,Limburg (NL),5356,10482,1117201,938.237613464363,100933,17407585,3100.37836954408,18.7016514699806,FALSE,18.7016514699806,3100.37836954408,Dark red,2021-52
Norway,NO,NOCSR03,Oslo,5989,11802,681071,1732.85898239684,25104,5367580,3420.29368914855,13.6741708290892,TRUE,17.1840927349937,5117.23447335153,Dark red,2021-52
Norway,NO,NOCSR11,Rogaland,2603,4531,475654,952.583180210826,25104,5367580,3420.29368914855,13.6741708290892,TRUE,23.5055083980495,2328.16290833253,Dark red,2021-52
Norway,NO,NOCSR15,Møre og Romsdal,692,1191,264970,449.484847341208,25104,5367580,3420.29368914855,13.6741708290892,TRUE,13.9123441897869,1877.19364456354,Red,2021-52
Norway,NO,NOCSR18,Nordland,542,901,242126,372.120301000306,25104,5367580,3420.29368914855,13.6741708290892,TRUE,13.3464663875893,1677.2259071723,Red,2021-52
Norway,NO,NOCSR30,Viken,7083,14035,1227305,1143.5625211337,25104,5367580,3420.29368914855,13.6741708290892,TRUE,17.6576172313215,3268.38072035884,Dark red,2021-52
Norway,NO,NOCSR34,Innlandet,1001,1868,371054,503.430767489368,25104,5367580,3420.29368914855,13.6741708290892,TRUE,12.5015611340077,2157.90693537868,Dark red,2021-52
Norway,NO,NOCSR38,Vestfold og Telemark,1661,3280,417711,785.231894778926,25104,5367580,3420.29368914855,13.6741708290892,TRUE,12.8809616130283,3087.06258633361,Dark red,2021-52
Norway,NO,NOCSR42,Agder,2082,3797,305244,1243.92289447131,25104,5367580,3420.29368914855,13.6741708290892,TRUE,25.9795358123284,2625.44063110168,Dark red,2021-52
Norway,NO,NOCSR46,Vestland,1993,3644,633117,575.56502194697,25104,5367580,3420.29368914855,13.6741708290892,TRUE,16.7338371116709,1881.16888347651,Dark red,2021-52
Norway,NO,NOCSR50,Trøndelag,1230,2252,465634,483.641658469957,25104,5367580,3420.29368914855,13.6741708290892,TRUE,12.9419191919192,2041.08806487499,Red,2021-52
Norway,NO,NOCSR54,Troms og Finnmark,558,1094,244326,447.762415788741,25104,5367580,3420.29368914855,13.6741708290892,TRUE,11.730081984444,1946.98885914721,Red,2021-52
Poland,PL,PL21,Małopolskie,8365,16569,3371956,491.376518554809,78982,37958138,1485.88163096936,14.0035779317143,TRUE,16.0602860708457,1544.6524213246,Red,2021-52
Poland,PL,PL22,Śląskie,9814,21075,4475460,470.901315172072,78982,37958138,1485.88163096936,14.0035779317143,TRUE,15.3600550921071,1427.6297855416,Red,2021-52
Poland,PL,PL41,Wielkopolskie,7984,17310,3479525,497.48169649593,78982,37958138,1485.88163096936,14.0035779317143,TRUE,17.0343503307019,1347.02294134975,Red,2021-52
Poland,PL,PL42,Zachodniopomorskie,4135,8824,1671605,527.875903697345,78982,37958138,1485.88163096936,14.0035779317143,TRUE,15.2273982691954,1624.4866460677,Dark red,2021-52
Poland,PL,PL43,Lubuskie,2095,4462,1001411,445.571298897256,78982,37958138,1485.88163096936,14.0035779317143,TRUE,15.3255303584492,1365.07388075426,Red,2021-52
Poland,PL,PL51,Dolnośląskie,6658,14274,2864809,498.253112162102,78982,37958138,1485.88163096936,14.0035779317143,TRUE,17.4874583037848,1328.98912283507,Red,2021-52
Poland,PL,PL52,Opolskie,2497,5441,942233,577.458017284472,78982,37958138,1485.88163096936,14.0035779317143,TRUE,18.6051710006706,1424.3822918535,Dark red,2021-52
Poland,PL,PL61,Kujawsko-pomorskie,4026,8790,2050976,428.576443605386,78982,37958138,1485.88163096936,14.0035779317143,TRUE,13.8784515150471,1414.39977844694,Red,2021-52
Poland,PL,PL62,Warmińsko-mazurskie,2602,5541,1399038,396.057862617027,78982,37958138,1485.88163096936,14.0035779317143,TRUE,14.4035427622474,1291.24441223183,Red,2021-52
Poland,PL,PL63,Pomorskie,5472,11382,2316135,491.422132129604,78982,37958138,1485.88163096936,14.0035779317143,TRUE,14.0762463343109,1678.3995751543,Red,2021-52
Poland,PL,PL71,Łódzkie,4916,10241,2442685,419.251765987018,78982,37958138,1485.88163096936,14.0035779317143,TRUE,12.9001784402225,1560.08654411027,Red,2021-52
Poland,PL,PL72,Świętokrzyskie,2005,4118,1218743,337.889120183665,78982,37958138,1485.88163096936,14.0035779317143,TRUE,13.2781456953642,1238.98147517565,Red,2021-52
Poland,PL,PL81,Lubelskie,2844,5409,2088292,259.015501663561,78982,37958138,1485.88163096936,14.0035779317143,TRUE,11.0100267120901,1236.9438756649,Red,2021-52
Poland,PL,PL82,Podkarpackie,3062,5914,2084447,283.720334458012,78982,37958138,1485.88163096936,14.0035779317143,TRUE,11.5009014423077,1277.26922296417,Red,2021-52
Poland,PL,PL84,Podlaskie,1130,2174,1149389,189.143971275173,78982,37958138,1485.88163096936,14.0035779317143,TRUE,9.47191953059514,1037.94276785318,Red,2021-52
Poland,PL,PL92X,Mazowiecki regionalny,11160,23540,5380311,437.52117674982,78982,37958138,1485.88163096936,14.0035779317143,TRUE,12.4589724696899,1664.84799856365,Red,2021-52
Portugal,PT,PT1,Continente,142040,197887,9798859,2019.49022840312,148433,10295909,15893.7884940514,9.07064855384653,FALSE,9.07064855384653,15893.7884940514,Dark red,2021-52
Portugal,PT,PT2,Região Autónoma dos Açores,1628,2152,242796,886.340796388738,148433,10295909,15893.7884940514,9.07064855384653,FALSE,9.07064855384653,15893.7884940514,Dark red,2021-52
Portugal,PT,PT3,Região Autónoma da Madeira,4783,6677,254254,2626.11404343688,148433,10295909,15893.7884940514,9.07064855384653,FALSE,9.07064855384653,15893.7884940514,Dark red,2021-52
Romania,RO,RO11,Nord-Vest,1961,2756,2547429,108.187509838351,9351,19328838,1216.08965836436,3.97820093935062,FALSE,3.97820093935062,1216.08965836436,Orange,2021-52
Romania,RO,RO12,Centru,1381,1941,2314826,83.8507948329594,9351,19328838,1216.08965836436,3.97820093935062,FALSE,3.97820093935062,1216.08965836436,Orange,2021-52
Romania,RO,RO21,Nord-Est,1931,2586,3184215,81.2131090394336,9351,19328838,1216.08965836436,3.97820093935062,FALSE,3.97820093935062,1216.08965836436,Orange,2021-52
Romania,RO,RO22,Sud-Est,1118,1619,2377101,68.1081704142988,9351,19328838,1216.08965836436,3.97820093935062,FALSE,3.97820093935062,1216.08965836436,Orange,2021-52
Romania,RO,RO31,Sud-Muntenia,887,1385,2901376,47.7359707945471,9351,19328838,1216.08965836436,3.97820093935062,FALSE,3.97820093935062,1216.08965836436,Green,2021-52
Romania,RO,RO32,Bucureşti-Ilfov,2282,4710,2322002,202.842202547629,9351,19328838,1216.08965836436,3.97820093935062,FALSE,3.97820093935062,1216.08965836436,Red,2021-52
Romania,RO,RO41,Sud-Vest Oltenia,412,694,1910409,36.327299546851,9351,19328838,1216.08965836436,3.97820093935062,FALSE,3.97820093935062,1216.08965836436,Green,2021-52
Romania,RO,RO42,Vest,1363,2122,1771480,119.786844898051,9351,19328838,1216.08965836436,3.97820093935062,FALSE,3.97820093935062,1216.08965836436,Orange,2021-52
Slovakia,SK,SK01,Bratislavský kraj,3236,6767,669592,1010.61541953906,19839,5457873,4097.87842260163,8.87027904335657,FALSE,8.87027904335657,4097.87842260163,Dark red,2021-52
Slovakia,SK,SK02,Západné Slovensko,8588,18010,1823792,987.502960863958,19839,5457873,4097.87842260163,8.87027904335657,FALSE,8.87027904335657,4097.87842260163,Dark red,2021-52
Slovakia,SK,SK03,Stredné Slovensko,6213,12329,1336785,922.287428419679,19839,5457873,4097.87842260163,8.87027904335657,FALSE,8.87027904335657,4097.87842260163,Dark red,2021-52
Slovakia,SK,SK04,Východné Slovensko,5267,10516,1627704,646.063412020859,19839,5457873,4097.87842260163,8.87027904335657,FALSE,8.87027904335657,4097.87842260163,Dark red,2021-52
Slovenia,SI,SI03,Vzhodna Slovenija,5914,9928,1100012,902.535608702451,10804,2095861,27698.9265986628,1.86105479293957,FALSE,1.86105479293957,27698.9265986628,Dark red,2021-52
Slovenia,SI,SI04,Zahodna Slovenija,6326,10108,995849,1015.01332029253,10804,2095861,27698.9265986628,1.86105479293957,FALSE,1.86105479293957,27698.9265986628,Dark red,2021-52
Spain,ES,ES11,Galicia,36506,53868,2702592,1993.19764137539,630190,47332614,5013.23041233261,26.5578768195616,TRUE,21.0630171130523,6413.02867765464,Dark red,2021-52
Spain,ES,ES12,Principado de Asturias,13633,22479,1018899,2206.20493297177,630190,47332614,5013.23041233261,26.5578768195616,TRUE,22.0238768355923,6075.28322238024,Dark red,2021-52
Spain,ES,ES13,Cantabria,8022,12067,582388,2071.9863733456,630190,47332614,5013.23041233261,26.5578768195616,TRUE,26.650277399422,5168.54742886186,Dark red,2021-52
Spain,ES,ES21,País Vasco,62180,90690,2189138,4142.726497827,630190,47332614,5013.23041233261,26.5578768195616,TRUE,36.4550965608621,7791.4686054511,Dark red,2021-52
Spain,ES,ES22,Comunidad Foral de Navarra,25691,36505,656509,5560.47213366458,630190,47332614,5013.23041233261,26.5578768195616,TRUE,45.6996993791914,8563.02046125796,Dark red,2021-52
Spain,ES,ES23,La Rioja,5910,10477,315931,3316.23044272325,630190,47332614,5013.23041233261,26.5578768195616,TRUE,36.8867806765697,5071.36051859425,Dark red,2021-52
Spain,ES,ES24,Aragón,31803,45277,1330333,3403.43357640531,630190,47332614,5013.23041233261,26.5578768195616,TRUE,46.2663117007812,5167.05215912106,Dark red,2021-52
Spain,ES,ES30,Comunidad de Madrid,96361,183261,6747068,2716.15759615881,630190,47332614,5013.23041233261,26.5578768195616,TRUE,28.5411748676771,5003.96616722997,Dark red,2021-52
Spain,ES,ES41,Castilla y León,47977,76481,2401307,3184.97384965771,630190,47332614,5013.23041233261,26.5578768195616,TRUE,37.3795295712538,5345.04750954376,Dark red,2021-52
Spain,ES,ES42,Castilla-La Mancha,32447,49054,2045554,2398.07895562767,630190,47332614,5013.23041233261,26.5578768195616,TRUE,35.2991731940818,4493.64817550649,Dark red,2021-52
Spain,ES,ES43,Extremadura,18617,29643,1061979,2791.29813301393,630190,47332614,5013.23041233261,26.5578768195616,TRUE,26.9780315325759,6498.05692956264,Dark red,2021-52
Spain,ES,ES51,Cataluña,159659,212306,7652348,2774.39029171177,630190,47332614,5013.23041233261,26.5578768195616,TRUE,32.6362868887812,6392.90058423898,Dark red,2021-52
Spain,ES,ES52,Comunitat Valenciana,56625,85682,5029341,1703.64268400174,630190,47332614,5013.23041233261,26.5578768195616,TRUE,31.1576618960366,3613.53505359847,Dark red,2021-52
Spain,ES,ES53,Illes Balears,13758,21105,1210725,1743.17041442111,630190,47332614,5013.23041233261,26.5578768195616,TRUE,58.6670078035052,1936.93861116273,Dark red,2021-52
Spain,ES,ES61,Andalucía,85408,134081,8478083,1581.50138421622,630190,47332614,5013.23041233261,26.5578768195616,TRUE,29.1627257424018,3454.40118951419,Dark red,2021-52
Spain,ES,ES62,Región de Murcia,13348,24849,1504869,1651.24007471747,630190,47332614,5013.23041233261,26.5578768195616,TRUE,19.370755209845,4579.00322220738,Dark red,2021-52
Spain,ES,ES63,Ciudad de Ceuta,915,1282,84085,1524.64767794494,630190,47332614,5013.23041233261,26.5578768195616,TRUE,13.9227023737066,7815.90057679729,Dark red,2021-52
Spain,ES,ES64,Ciudad de Melilla,748,1139,84473,1348.3598309519,630190,47332614,5013.23041233261,26.5578768195616,TRUE,25.4855195911414,3474.48297089011,Dark red,2021-52
Spain,ES,ES70,Canarias,25277,42034,2236992,1879.04114096072,630190,47332614,5013.23041233261,26.5578768195616,TRUE,24.4335537253992,4624.60303836581,Dark red,2021-52
Sweden,SE,SE11,Stockholm,17876,26805,2377081,1127.64352582011,59466,10327589,3264.30496023806,17.6392069386932,FALSE,17.6392069386932,3264.30496023806,Dark red,2021-52
Sweden,SE,SE12,Östra Mellansverige,7174,10427,1727398,603.6246423812,59466,10327589,3264.30496023806,17.6392069386932,FALSE,17.6392069386932,3264.30496023806,Dark red,2021-52
Sweden,SE,SE21,Småland med öarna,3922,5357,870200,615.605607906228,59466,10327589,3264.30496023806,17.6392069386932,FALSE,17.6392069386932,3264.30496023806,Dark red,2021-52
Sweden,SE,SE22,Sydsverige,11777,17631,1537433,1146.78168089276,59466,10327589,3264.30496023806,17.6392069386932,FALSE,17.6392069386932,3264.30496023806,Dark red,2021-52
Sweden,SE,SE23,Västsverige,10670,15566,2059729,755.73048687473,59466,10327589,3264.30496023806,17.6392069386932,FALSE,17.6392069386932,3264.30496023806,Dark red,2021-52
Sweden,SE,SE31,Norra Mellansverige,4372,6659,857762,776.322569663846,59466,10327589,3264.30496023806,17.6392069386932,FALSE,17.6392069386932,3264.30496023806,Dark red,2021-52
Sweden,SE,SE32,Mellersta Norrland,2093,2826,376157,751.282044465476,59466,10327589,3264.30496023806,17.6392069386932,FALSE,17.6392069386932,3264.30496023806,Dark red,2021-52
Sweden,SE,SE33,Övre Norrland,1582,2241,521829,429.451027060589,59466,10327589,3264.30496023806,17.6392069386932,FALSE,17.6392069386932,3264.30496023806,Red,2021-52
